dim,soft_layer_1,soft_layer_3,soft_layer_6,soft_layer_9,soft_layer_12,hard_selected_layer
0,0.1896527260541916,0.21021029353141785,0.2155490517616272,0.19082652032375336,0.1937614232301712,1
1,0.21745269000530243,0.21072225272655487,0.19276264309883118,0.18746334314346313,0.19159911572933197,6
2,0.20303703844547272,0.17737454175949097,0.20615753531455994,0.2109212875366211,0.2025095820426941,12
3,0.19921718537807465,0.1885339319705963,0.1888292133808136,0.24445952475070953,0.1789601445198059,1
4,0.19615478813648224,0.2422771453857422,0.16341570019721985,0.17725487053394318,0.22089743614196777,3
5,0.1808699071407318,0.18582476675510406,0.1869434267282486,0.25280335545539856,0.19355852901935577,9
6,0.2249162346124649,0.26231649518013,0.15526753664016724,0.16447441279888153,0.19302533566951752,9
7,0.22056977450847626,0.20454709231853485,0.15918311476707458,0.1964414268732071,0.21925856173038483,1
8,0.19592581689357758,0.2038784921169281,0.19626063108444214,0.22244586050510406,0.18148918449878693,1
9,0.21551832556724548,0.19537417590618134,0.1790691465139389,0.2188299298286438,0.19120846688747406,1
10,0.17344467341899872,0.19178831577301025,0.24097223579883575,0.18177680671215057,0.2120179533958435,6
11,0.21561980247497559,0.18287619948387146,0.2079448699951172,0.17391717433929443,0.21964193880558014,1
12,0.17375484108924866,0.19893865287303925,0.21699458360671997,0.2145233154296875,0.1957886517047882,12
13,0.25079166889190674,0.21444092690944672,0.15472011268138885,0.1747523844242096,0.20529496669769287,3
14,0.2168581634759903,0.2399924248456955,0.15656007826328278,0.1808461844921112,0.20574310421943665,12
15,0.22016435861587524,0.1639048457145691,0.18246495723724365,0.21596437692642212,0.2175014615058899,12
16,0.1801920235157013,0.21084608137607574,0.2177782505750656,0.20511528849601746,0.1860683709383011,12
17,0.186595156788826,0.17820897698402405,0.19558009505271912,0.2431587129831314,0.19645696878433228,9
18,0.19185610115528107,0.16718310117721558,0.19279678165912628,0.22200877964496613,0.22615519165992737,1
19,0.20019903779029846,0.2038523554801941,0.22693036496639252,0.16060210764408112,0.20841610431671143,3
20,0.19810916483402252,0.22690488398075104,0.17304600775241852,0.18297995626926422,0.2189599871635437,12
21,0.22080907225608826,0.18695595860481262,0.2140362709760666,0.18665169179439545,0.1915469765663147,1
22,0.1785760223865509,0.171193927526474,0.1970423460006714,0.18437278270721436,0.26881489157676697,6
23,0.17116792500019073,0.1821434497833252,0.25407883524894714,0.20639686286449432,0.18621288239955902,1
24,0.2012769728899002,0.18697448074817657,0.20694796741008759,0.20182077586650848,0.20297978818416595,9
25,0.18619294464588165,0.21862632036209106,0.21435770392417908,0.18336474895477295,0.19745828211307526,9
26,0.20390664041042328,0.22057923674583435,0.19032399356365204,0.18195490539073944,0.20323523879051208,1
27,0.1923682540655136,0.22157424688339233,0.2093771994113922,0.1998712718486786,0.17680896818637848,1
28,0.16789472103118896,0.1850561946630478,0.22534872591495514,0.19035287201404572,0.2313474416732788,6
29,0.20576158165931702,0.19855965673923492,0.23814672231674194,0.1961921900510788,0.1613398790359497,6
30,0.17952625453472137,0.19255416095256805,0.21885184943675995,0.22470557689666748,0.18436221778392792,1
31,0.19794917106628418,0.1788414567708969,0.22399620711803436,0.21981275081634521,0.17940039932727814,6
32,0.19178426265716553,0.21105317771434784,0.1837979406118393,0.2165650725364685,0.19679951667785645,9
33,0.19596093893051147,0.19750913977622986,0.22871387004852295,0.1962781846523285,0.18153789639472961,1
34,0.18027304112911224,0.16715680062770844,0.1994752138853073,0.2752901613712311,0.17780478298664093,1
35,0.19671055674552917,0.21682730317115784,0.1842157542705536,0.19320030510425568,0.20904609560966492,12
36,0.21427102386951447,0.20343446731567383,0.2044365108013153,0.18944402039051056,0.18841397762298584,12
37,0.19509676098823547,0.18719631433486938,0.19895796477794647,0.20783475041389465,0.2109142243862152,3
38,0.22361010313034058,0.19925028085708618,0.17007559537887573,0.18487706780433655,0.2221868932247162,1
39,0.17207829654216766,0.1807950884103775,0.2142626941204071,0.2343260496854782,0.19853785634040833,9
40,0.1960105150938034,0.19349166750907898,0.21060580015182495,0.1708528846502304,0.22903911769390106,3
41,0.16592398285865784,0.21605373919010162,0.24166375398635864,0.2103063464164734,0.1660521924495697,6
42,0.21273238956928253,0.21389256417751312,0.1851784884929657,0.1802644580602646,0.20793211460113525,6
43,0.19720646739006042,0.19566182792186737,0.21356123685836792,0.2376289963722229,0.15594151616096497,1
44,0.20049522817134857,0.21219930052757263,0.19243520498275757,0.17504248023033142,0.21982775628566742,1
45,0.19365444779396057,0.20675580203533173,0.19283419847488403,0.198569655418396,0.20818595588207245,3
46,0.18973875045776367,0.1898532509803772,0.2081606537103653,0.19795048236846924,0.21429689228534698,9
47,0.2249285876750946,0.19240699708461761,0.1680907905101776,0.18381744623184204,0.23075619339942932,12
48,0.19794821739196777,0.1691058725118637,0.21509794890880585,0.18983907997608185,0.22800889611244202,9
49,0.2209327220916748,0.16917353868484497,0.22147223353385925,0.17703168094158173,0.21138986945152283,12
50,0.2001916617155075,0.18758919835090637,0.23422805964946747,0.19668234884738922,0.18130873143672943,6
51,0.1917102038860321,0.22607408463954926,0.21186073124408722,0.1716289073228836,0.19872605800628662,6
52,0.17966313660144806,0.1787925660610199,0.2642824947834015,0.21050342917442322,0.16675832867622375,1
53,0.19753360748291016,0.18096457421779633,0.18641053140163422,0.2273627370595932,0.2077285498380661,6
54,0.1753823310136795,0.18194562196731567,0.2353082150220871,0.20393966138362885,0.20342420041561127,3
55,0.1903146505355835,0.19593335688114166,0.23316015303134918,0.19279244542121887,0.18779940903186798,12
56,0.2115963101387024,0.24280348420143127,0.20759713649749756,0.1599312275648117,0.17807185649871826,3
57,0.1794063299894333,0.1737619936466217,0.20017680525779724,0.24910393357276917,0.1975509226322174,3
58,0.2135302573442459,0.21090365946292877,0.18368349969387054,0.1590428650379181,0.23283974826335907,1
59,0.2503677308559418,0.184067040681839,0.19202685356140137,0.16267578303813934,0.21086260676383972,9
60,0.23156043887138367,0.17553764581680298,0.24820846319198608,0.183632954955101,0.1610604077577591,12
61,0.19093118607997894,0.22395287454128265,0.16403403878211975,0.20623324811458588,0.21484869718551636,3
62,0.22292771935462952,0.21468062698841095,0.18857841193675995,0.15518824756145477,0.21862494945526123,9
63,0.18728500604629517,0.20158670842647552,0.23466157913208008,0.19080787897109985,0.18565884232521057,1
64,0.242471382021904,0.21810759603977203,0.19219136238098145,0.18202392756938934,0.16520582139492035,6
65,0.24562112987041473,0.1747889518737793,0.194554403424263,0.16462470591068268,0.2204107642173767,6
66,0.2070842981338501,0.23209623992443085,0.16982465982437134,0.21105115115642548,0.17994363605976105,3
67,0.19845782220363617,0.18877802789211273,0.17114272713661194,0.23381799459457397,0.20780350267887115,12
68,0.25659722089767456,0.18341833353042603,0.16312038898468018,0.1949291080236435,0.20193493366241455,1
69,0.2161618173122406,0.21990786492824554,0.1663418412208557,0.17892438173294067,0.21866409480571747,1
70,0.17714211344718933,0.18148569762706757,0.17491239309310913,0.18709824979305267,0.2793615460395813,9
71,0.22622117400169373,0.21133805811405182,0.19626212120056152,0.16688358783721924,0.1992950737476349,3
72,0.19090647995471954,0.19628594815731049,0.17814457416534424,0.24351347982883453,0.19114945828914642,6
73,0.22025322914123535,0.22250805795192719,0.16891847550868988,0.19335228204727173,0.19496797025203705,1
74,0.1782173216342926,0.22235417366027832,0.19213715195655823,0.19468452036380768,0.21260686218738556,12
75,0.19069314002990723,0.1834668219089508,0.18672366440296173,0.19217127561569214,0.24694514274597168,6
76,0.20044095814228058,0.1990688443183899,0.21352583169937134,0.19018204510211945,0.19678233563899994,12
77,0.17999114096164703,0.20126686990261078,0.17238667607307434,0.23720595240592957,0.20914939045906067,6
78,0.1905728578567505,0.22417140007019043,0.2297103852033615,0.18200162053108215,0.1735437661409378,9
79,0.17940591275691986,0.20066674053668976,0.19985119998455048,0.2240118831396103,0.19606423377990723,9
80,0.2055945247411728,0.18985341489315033,0.18507955968379974,0.2218170464038849,0.19765543937683105,9
81,0.18683995306491852,0.20143452286720276,0.22244645655155182,0.19462570548057556,0.19465334713459015,9
82,0.17795351147651672,0.17003054916858673,0.2298247069120407,0.18704088032245636,0.23515038192272186,9
83,0.2199876606464386,0.17274828255176544,0.25309544801712036,0.18542267382144928,0.1687459498643875,6
84,0.18559493124485016,0.19928310811519623,0.20379918813705444,0.22702716290950775,0.18429560959339142,1
85,0.19194836914539337,0.21192561089992523,0.20138801634311676,0.21054816246032715,0.18418990075588226,1
86,0.2169005274772644,0.21620768308639526,0.1861809492111206,0.18383441865444183,0.1968764066696167,6
87,0.21308419108390808,0.20259325206279755,0.17804290354251862,0.20402315258979797,0.20225650072097778,3
88,0.20766276121139526,0.18425126373767853,0.18351122736930847,0.2080630362033844,0.21651172637939453,9
89,0.20791707932949066,0.18839411437511444,0.2076617330312729,0.18179923295974731,0.21422778069972992,9
90,0.21545816957950592,0.19945573806762695,0.1813286393880844,0.17513713240623474,0.22862033545970917,6
91,0.20117200911045074,0.18076124787330627,0.21404385566711426,0.1983720362186432,0.20565083622932434,3
92,0.20828722417354584,0.20529669523239136,0.1730617880821228,0.17870721220970154,0.23464706540107727,1
93,0.20384559035301208,0.21322695910930634,0.2024221420288086,0.1833430975675583,0.19716215133666992,1
94,0.19903086125850677,0.20027121901512146,0.16764356195926666,0.22171393036842346,0.21134042739868164,1
95,0.18536518514156342,0.20392321050167084,0.18255484104156494,0.2049761563539505,0.22318057715892792,9
96,0.21280495822429657,0.18901926279067993,0.19197168946266174,0.20683994889259338,0.19936420023441315,6
97,0.20589908957481384,0.1939288228750229,0.21524903178215027,0.2017751783132553,0.18314781785011292,6
98,0.18286706507205963,0.19504530727863312,0.21959789097309113,0.214573472738266,0.18791626393795013,6
99,0.20071519911289215,0.2059754729270935,0.17042744159698486,0.21926479041576385,0.20361711084842682,6
100,0.20888662338256836,0.18348528444766998,0.27595674991607666,0.16542451083660126,0.16624684631824493,12
101,0.2121344804763794,0.21220409870147705,0.16994667053222656,0.17240233719348907,0.2333124727010727,6
102,0.21085059642791748,0.22010985016822815,0.20344804227352142,0.16639703512191772,0.19919446110725403,12
103,0.18606281280517578,0.19662357866764069,0.2298976331949234,0.19598571956157684,0.1914302408695221,12
104,0.21669210493564606,0.23023779690265656,0.16739092767238617,0.19195932149887085,0.19371983408927917,1
105,0.23615151643753052,0.2015930712223053,0.16320304572582245,0.18108081817626953,0.2179715633392334,6
106,0.21128764748573303,0.20823749899864197,0.18311302363872528,0.20482228696346283,0.19253955781459808,3
107,0.19428740441799164,0.21117201447486877,0.21375352144241333,0.18306297063827515,0.1977240890264511,1
108,0.17448082566261292,0.19709628820419312,0.24710234999656677,0.19444261491298676,0.18687795102596283,9
109,0.20097136497497559,0.20697391033172607,0.19879284501075745,0.18792930245399475,0.20533259212970734,9
110,0.18237756192684174,0.25094127655029297,0.19466455280780792,0.16411173343658447,0.2079049050807953,12
111,0.19876094162464142,0.19574959576129913,0.20755381882190704,0.18629524111747742,0.21164032816886902,6
112,0.18445993959903717,0.2165832817554474,0.19219745695590973,0.17656438052654266,0.23019492626190186,9
113,0.1906559318304062,0.2335822582244873,0.20521333813667297,0.17524121701717377,0.19530731439590454,1
114,0.16076382994651794,0.15818104147911072,0.2529674470424652,0.22521613538265228,0.20287156105041504,9
115,0.20475880801677704,0.1902247965335846,0.24378202855587006,0.1616651713848114,0.1995692402124405,6
116,0.22500672936439514,0.22196698188781738,0.20352916419506073,0.1741083264350891,0.17538881301879883,6
117,0.21005301177501678,0.2166590839624405,0.1843094825744629,0.1758279651403427,0.21315045654773712,12
118,0.1764218807220459,0.19397906959056854,0.24158638715744019,0.18710073828697205,0.20091192424297333,6
119,0.2151062935590744,0.16802836954593658,0.1975431740283966,0.2351950854063034,0.1841270923614502,1
120,0.1654035747051239,0.18110936880111694,0.23855356872081757,0.2467263787984848,0.168207049369812,12
121,0.19499221444129944,0.17594648897647858,0.21346284449100494,0.20361174643039703,0.21198664605617523,6
122,0.22557687759399414,0.22788739204406738,0.1825067698955536,0.16505199670791626,0.19897696375846863,12
123,0.1758398860692978,0.18546201288700104,0.2020847648382187,0.21927909553050995,0.21733428537845612,3
124,0.17208543419837952,0.2041064202785492,0.19725920259952545,0.24274545907974243,0.183803528547287,3
125,0.195036381483078,0.22217164933681488,0.2165248692035675,0.1598922312259674,0.2063749134540558,3
126,0.19975252449512482,0.21668459475040436,0.20957663655281067,0.18268319964408875,0.1913031041622162,3
127,0.25001704692840576,0.21924377977848053,0.16137534379959106,0.16152697801589966,0.20783677697181702,12
128,0.1803060919046402,0.18006794154644012,0.17914098501205444,0.2630528509616852,0.19743214547634125,12
129,0.212432861328125,0.19556739926338196,0.19975781440734863,0.17711308598518372,0.21512886881828308,12
130,0.19595161080360413,0.19587738811969757,0.16132913529872894,0.20486122369766235,0.24198055267333984,12
131,0.17011238634586334,0.20401297509670258,0.20505225658416748,0.20739269256591797,0.21342968940734863,1
132,0.16574904322624207,0.19436722993850708,0.2164473831653595,0.24454738199710846,0.1788889616727829,6
133,0.19485989212989807,0.19319303333759308,0.1979610174894333,0.2036912590265274,0.21029479801654816,9
134,0.22745752334594727,0.21293649077415466,0.19814357161521912,0.16732600331306458,0.19413639605045319,12
135,0.19897352159023285,0.2234983593225479,0.16191664338111877,0.18355122208595276,0.2320602536201477,6
136,0.2535383403301239,0.2069079577922821,0.17574584484100342,0.1502249389886856,0.21358291804790497,3
137,0.18529660999774933,0.2236691415309906,0.21535873413085938,0.1973084807395935,0.17836706340312958,9
138,0.22938445210456848,0.19837982952594757,0.17848344147205353,0.18332163989543915,0.21043063700199127,1
139,0.1859150379896164,0.1931963711977005,0.21029217541217804,0.21025845408439636,0.20033793151378632,12
140,0.2565666437149048,0.22720147669315338,0.15599742531776428,0.19353830814361572,0.16669610142707825,1
141,0.21214596927165985,0.20663079619407654,0.17894503474235535,0.22227415442466736,0.1800040453672409,9
142,0.19821062684059143,0.18750493228435516,0.21959270536899567,0.1941269040107727,0.20056477189064026,6
143,0.2305571585893631,0.20684757828712463,0.1939762830734253,0.17194192111492157,0.1966770738363266,9
144,0.19767074286937714,0.21565189957618713,0.2140592336654663,0.18153654038906097,0.19108153879642487,3
145,0.19487501680850983,0.21753814816474915,0.18407593667507172,0.20630644261837006,0.19720441102981567,6
146,0.2382337898015976,0.20883378386497498,0.1855163872241974,0.17582130432128906,0.1915947049856186,6
147,0.197087362408638,0.21561431884765625,0.20287474989891052,0.201706662774086,0.18271686136722565,6
148,0.21719326078891754,0.22920839488506317,0.18062645196914673,0.17019318044185638,0.20277872681617737,3
149,0.22443202137947083,0.20737037062644958,0.171107217669487,0.20437787473201752,0.19271256029605865,1
150,0.19135437905788422,0.21104948222637177,0.18628792464733124,0.2057642936706543,0.2055439054965973,12
151,0.1641494780778885,0.21108126640319824,0.16582421958446503,0.25800830125808716,0.20093674957752228,3
152,0.17745272815227509,0.21731825172901154,0.20627254247665405,0.20958644151687622,0.18936996161937714,6
153,0.18846911191940308,0.20824742317199707,0.1855546087026596,0.18324564397335052,0.23448313772678375,3
154,0.20174233615398407,0.2348184734582901,0.1674792319536209,0.1799992024898529,0.21596072614192963,1
155,0.16584788262844086,0.17824606597423553,0.23263521492481232,0.20742061734199524,0.21585018932819366,9
156,0.24486751854419708,0.17780591547489166,0.19944904744625092,0.1957971751689911,0.18208032846450806,1
157,0.18722577393054962,0.192453533411026,0.208110973238945,0.23052461445331573,0.18168506026268005,9
158,0.1892886608839035,0.21888412535190582,0.1864720582962036,0.1937863528728485,0.21156884729862213,6
159,0.18182922899723053,0.1605224609375,0.2342032790184021,0.23123709857463837,0.1922079175710678,12
160,0.15825922787189484,0.17621397972106934,0.20863792300224304,0.24631227552890778,0.21057651937007904,9
161,0.21215680241584778,0.19657927751541138,0.2151973992586136,0.18574395775794983,0.19032248854637146,1
162,0.19254861772060394,0.21163326501846313,0.21615642309188843,0.2066628485918045,0.1729988306760788,3
163,0.23534782230854034,0.21549278497695923,0.1689462661743164,0.19057805836200714,0.18963509798049927,3
164,0.20334497094154358,0.24425247311592102,0.16214032471179962,0.1908799260854721,0.19938229024410248,3
165,0.23032166063785553,0.19489772617816925,0.18240895867347717,0.19518008828163147,0.197191521525383,3
166,0.19307100772857666,0.19740262627601624,0.24372950196266174,0.16125978529453278,0.2045370489358902,12
167,0.23705287277698517,0.22000712156295776,0.19608046114444733,0.16509495675563812,0.1817646324634552,3
168,0.18698135018348694,0.21150895953178406,0.2082626223564148,0.22265587747097015,0.17059116065502167,1
169,0.19306831061840057,0.20142023265361786,0.18386265635490417,0.21015125513076782,0.2114974856376648,12
170,0.21209652721881866,0.23169563710689545,0.18151941895484924,0.20423533022403717,0.17045308649539948,9
171,0.2254316359758377,0.18399763107299805,0.18259119987487793,0.20712244510650635,0.20085708796977997,1
172,0.1942579448223114,0.2046785056591034,0.17361003160476685,0.23488909006118774,0.19256442785263062,6
173,0.1969439685344696,0.18597057461738586,0.18412841856479645,0.22813184559345245,0.2048252373933792,12
174,0.18543744087219238,0.21294763684272766,0.20657473802566528,0.17075994610786438,0.22428026795387268,9
175,0.16895951330661774,0.1851135641336441,0.2254241555929184,0.24254873394966125,0.17795401811599731,12
176,0.20082762837409973,0.18487048149108887,0.17940710484981537,0.21028389036655426,0.2246108502149582,6
177,0.23602616786956787,0.1846330761909485,0.19823499023914337,0.19089558720588684,0.19021019339561462,1
178,0.216956228017807,0.19917720556259155,0.16454221308231354,0.2110588550567627,0.2082654982805252,9
179,0.24162212014198303,0.19956205785274506,0.19271038472652435,0.1849750429391861,0.18113043904304504,6
180,0.19657883048057556,0.2139604538679123,0.16487811505794525,0.24331460893154144,0.18126794695854187,6
181,0.20129841566085815,0.1870228797197342,0.21279709041118622,0.20096059143543243,0.1979210078716278,1
182,0.23378872871398926,0.19386930763721466,0.19809788465499878,0.183946430683136,0.1902976781129837,6
183,0.23479925096035004,0.2057468146085739,0.1594831794500351,0.19680213928222656,0.20316866040229797,6
184,0.18457788228988647,0.23426955938339233,0.20608720183372498,0.16035614907741547,0.21470925211906433,9
185,0.18355309963226318,0.16493578255176544,0.23322521150112152,0.22752174735069275,0.19076420366764069,1
186,0.1876191347837448,0.22459883987903595,0.22869271039962769,0.1734752357006073,0.18561406433582306,12
187,0.24057690799236298,0.21790440380573273,0.17286013066768646,0.18301773071289062,0.18564079701900482,6
188,0.25513866543769836,0.19572502374649048,0.16603262722492218,0.18689896166324615,0.19620472192764282,1
189,0.2006404995918274,0.17678788304328918,0.20741814374923706,0.20018969476222992,0.21496379375457764,1
190,0.20028500258922577,0.1919047236442566,0.2330588400363922,0.20832547545433044,0.1664259284734726,3
191,0.18735241889953613,0.17223505675792694,0.21423006057739258,0.23817479610443115,0.188007652759552,6
192,0.23635433614253998,0.22134098410606384,0.17424993216991425,0.17358748614788055,0.19446727633476257,6
193,0.19331131875514984,0.18467703461647034,0.22420227527618408,0.21413184702396393,0.1836775541305542,3
194,0.19959747791290283,0.17244252562522888,0.16525053977966309,0.22811731696128845,0.23459216952323914,12
195,0.212584987282753,0.20522364974021912,0.2022136002779007,0.17234259843826294,0.20763516426086426,6
196,0.17980363965034485,0.19245962798595428,0.190494105219841,0.23752325773239136,0.1997193545103073,1
197,0.21616771817207336,0.20025543868541718,0.20610225200653076,0.17431768774986267,0.20315691828727722,12
198,0.20478913187980652,0.22375385463237762,0.18586933612823486,0.1958480328321457,0.1897396296262741,9
199,0.20036692917346954,0.20805244147777557,0.20049303770065308,0.1844036728143692,0.20668397843837738,9
200,0.17430390417575836,0.18325653672218323,0.2638288140296936,0.20620602369308472,0.1724046915769577,6
201,0.1960524469614029,0.2194911539554596,0.17544732987880707,0.2003559023141861,0.20865321159362793,1
202,0.18303188681602478,0.22395552694797516,0.1751570999622345,0.20531690120697021,0.21253857016563416,6
203,0.19022789597511292,0.20716047286987305,0.19408993422985077,0.20588915050029755,0.20263254642486572,3
204,0.17595922946929932,0.1711045503616333,0.24219109117984772,0.21857275068759918,0.19217245280742645,9
205,0.20273712277412415,0.23940594494342804,0.16995076835155487,0.19506773352622986,0.1928383857011795,12
206,0.1916414201259613,0.22578158974647522,0.19303590059280396,0.18681427836418152,0.20272688567638397,1
207,0.1726260483264923,0.1945316344499588,0.24230733513832092,0.20149986445903778,0.18903511762619019,3
208,0.24007412791252136,0.17972764372825623,0.17198443412780762,0.17864832282066345,0.22956547141075134,3
209,0.22658440470695496,0.19978711009025574,0.17059779167175293,0.21805331110954285,0.18497730791568756,1
210,0.2040664702653885,0.21544142067432404,0.17759788036346436,0.1928597390651703,0.21003444492816925,1
211,0.17199775576591492,0.20092928409576416,0.20672263205051422,0.20819276571273804,0.21215763688087463,6
212,0.1770266592502594,0.19302411377429962,0.19574427604675293,0.23792539536952972,0.19627948105335236,3
213,0.2057541161775589,0.19548699259757996,0.22842665016651154,0.18809667229652405,0.18223553895950317,12
214,0.19974879920482635,0.1775425523519516,0.25229498744010925,0.19858916103839874,0.17182447016239166,6
215,0.1675882339477539,0.2045423984527588,0.2395952194929123,0.19493922591209412,0.1933349370956421,1
216,0.243327796459198,0.18631969392299652,0.1611444503068924,0.18798622488975525,0.22122184932231903,1
217,0.17532776296138763,0.167403906583786,0.2265430986881256,0.23232319951057434,0.19840197265148163,12
218,0.2087990939617157,0.18460051715373993,0.16334505379199982,0.24611149728298187,0.19714383780956268,9
219,0.21085438132286072,0.17734381556510925,0.19388999044895172,0.1950109452009201,0.22290083765983582,9
220,0.2477612942457199,0.17042268812656403,0.19327522814273834,0.20212934911251068,0.186411514878273,1
221,0.18766821920871735,0.22325119376182556,0.21341729164123535,0.19013851881027222,0.1855248212814331,9
222,0.1988869160413742,0.19073063135147095,0.22699427604675293,0.19245310127735138,0.19093507528305054,1
223,0.16915953159332275,0.1834714114665985,0.24082829058170319,0.20963846147060394,0.19690226018428802,6
224,0.22742629051208496,0.18609021604061127,0.18693414330482483,0.19529065489768982,0.20425862073898315,12
225,0.20159702003002167,0.1830432265996933,0.18815544247627258,0.1913374662399292,0.23586687445640564,9
226,0.1733727753162384,0.21780751645565033,0.2243836522102356,0.18863242864608765,0.1958036720752716,12
227,0.20559409260749817,0.21807777881622314,0.18108201026916504,0.19247567653656006,0.2027704268693924,3
228,0.194377601146698,0.18219158053398132,0.19142524898052216,0.23290015757083893,0.19910544157028198,9
229,0.1974346935749054,0.18824976682662964,0.2351885735988617,0.1955353319644928,0.1835915446281433,1
230,0.1632658690214157,0.18170127272605896,0.2522623538970947,0.24660798907279968,0.15616253018379211,12
231,0.20216397941112518,0.17704373598098755,0.24588192999362946,0.18204739689826965,0.19286301732063293,12
232,0.19939565658569336,0.1895122230052948,0.21871840953826904,0.21581506729125977,0.17655864357948303,6
233,0.2001032680273056,0.1710781455039978,0.23115289211273193,0.2126127928495407,0.18505293130874634,1
234,0.19227585196495056,0.2328232377767563,0.17175939679145813,0.17594653367996216,0.2271949201822281,3
235,0.21355733275413513,0.20044004917144775,0.19044874608516693,0.20070581138134003,0.19484807550907135,12
236,0.19772933423519135,0.1872713714838028,0.16058649122714996,0.22644473612308502,0.22796811163425446,3
237,0.2194458246231079,0.1978602260351181,0.2008528709411621,0.17943769693374634,0.2024034559726715,9
238,0.20125530660152435,0.19634781777858734,0.22485411167144775,0.1700955480337143,0.20744720101356506,3
239,0.22640958428382874,0.1871401071548462,0.18872523307800293,0.21474787592887878,0.18297719955444336,3
240,0.19078388810157776,0.16795216500759125,0.16991038620471954,0.23292143642902374,0.2384321391582489,12
241,0.1985521912574768,0.24662835896015167,0.19974829256534576,0.20749220252037048,0.1475789099931717,12
242,0.20278549194335938,0.21991679072380066,0.20369330048561096,0.1866973489522934,0.1869071125984192,6
243,0.17138518393039703,0.17732107639312744,0.20948529243469238,0.22438938915729523,0.2174190729856491,9
244,0.17992040514945984,0.1952303797006607,0.2231849879026413,0.2142373025417328,0.1874268352985382,9
245,0.20722194015979767,0.1949918270111084,0.16841240227222443,0.23137713968753815,0.19799676537513733,3
246,0.17917917668819427,0.24524594843387604,0.2011786848306656,0.1980258673429489,0.1763702630996704,3
247,0.20318350195884705,0.20008741319179535,0.19511885941028595,0.214131161570549,0.18747904896736145,3
248,0.19931502640247345,0.194000244140625,0.20292074978351593,0.18182505667209625,0.22193898260593414,9
249,0.22298568487167358,0.2312321811914444,0.2016817033290863,0.1797594279050827,0.16434094309806824,9
250,0.19443859159946442,0.1602797955274582,0.18153709173202515,0.22406966984272003,0.23967495560646057,1
251,0.22620293498039246,0.220376655459404,0.1567198932170868,0.18964265286922455,0.2070578634738922,12
252,0.21654608845710754,0.20826910436153412,0.20605140924453735,0.15568788349628448,0.2134455293416977,1
253,0.24632348120212555,0.2132169008255005,0.1678963154554367,0.19796301424503326,0.1746002435684204,9
254,0.18308976292610168,0.18771010637283325,0.22412975132465363,0.19387391209602356,0.21119648218154907,12
255,0.19961464405059814,0.21529310941696167,0.19486913084983826,0.1749102771282196,0.21531283855438232,9
256,0.22183534502983093,0.18977884948253632,0.1651197224855423,0.20242439210414886,0.2208416610956192,12
257,0.1912224292755127,0.20404180884361267,0.2046290785074234,0.19369687139987946,0.20640979707241058,6
258,0.18015721440315247,0.20552296936511993,0.1971924751996994,0.22740647196769714,0.18972085416316986,9
259,0.18100735545158386,0.21342262625694275,0.20769286155700684,0.19193799793720245,0.2059391289949417,6
260,0.2093358039855957,0.20241785049438477,0.19371765851974487,0.18455983698368073,0.2099689245223999,6
261,0.1936034858226776,0.23289629817008972,0.1600826531648636,0.2100629359483719,0.2033545970916748,6
262,0.15610262751579285,0.16371780633926392,0.22440701723098755,0.24056567251682281,0.2152068018913269,12
263,0.19222988188266754,0.1920417696237564,0.2288280576467514,0.20698760449886322,0.1799127161502838,1
264,0.24075156450271606,0.22220876812934875,0.18261058628559113,0.16126739978790283,0.19316168129444122,12
265,0.1728488951921463,0.1848243921995163,0.22602415084838867,0.2168518602848053,0.19945064187049866,12
266,0.15390688180923462,0.1828610599040985,0.22990605235099792,0.226328045129776,0.20699794590473175,6
267,0.17880551517009735,0.20685893297195435,0.19486579298973083,0.18399383127689362,0.23547598719596863,6
268,0.17312918603420258,0.17808127403259277,0.1923818737268448,0.2628951668739319,0.19351252913475037,6
269,0.20220915973186493,0.16366691887378693,0.2032480239868164,0.24750789999961853,0.18336798250675201,6
270,0.19414199888706207,0.17703759670257568,0.19045652449131012,0.20496323704719543,0.2334006279706955,1
271,0.2121436595916748,0.16405421495437622,0.21134351193904877,0.17824861407279968,0.23420995473861694,3
272,0.20024968683719635,0.19454723596572876,0.18342265486717224,0.2069142609834671,0.21486614644527435,12
273,0.2248881757259369,0.2083359956741333,0.15599319338798523,0.22458650171756744,0.18619605898857117,9
274,0.2210126668214798,0.2293022871017456,0.17165684700012207,0.18507564067840576,0.192952498793602,6
275,0.1699846237897873,0.17240622639656067,0.20137940347194672,0.24125561118125916,0.2149740755558014,12
276,0.18297284841537476,0.20864321291446686,0.20048849284648895,0.21819552779197693,0.1896999478340149,3
277,0.18858899176120758,0.19991961121559143,0.25150859355926514,0.1746850162744522,0.18529778718948364,12
278,0.16542832553386688,0.2040577530860901,0.1934487670660019,0.2595830261707306,0.17748214304447174,1
279,0.23363633453845978,0.20002630352973938,0.19973383843898773,0.18624655902385712,0.18035688996315002,6
280,0.1991456001996994,0.18866842985153198,0.17116867005825043,0.23569335043430328,0.2053239643573761,12
281,0.19936855137348175,0.19157099723815918,0.1710246503353119,0.22460778057575226,0.21342803537845612,12
282,0.22667592763900757,0.1948850005865097,0.19033537805080414,0.17837665975093842,0.20972701907157898,12
283,0.2308182418346405,0.19476363062858582,0.20025822520256042,0.19505563378334045,0.17910431325435638,9
284,0.22295111417770386,0.1693509817123413,0.1984272599220276,0.20225673913955688,0.20701387524604797,12
285,0.1852257251739502,0.1898466944694519,0.19910813868045807,0.19916082918643951,0.2266586571931839,6
286,0.17453616857528687,0.17912261188030243,0.1988990753889084,0.18290656805038452,0.2645355463027954,9
287,0.17946253716945648,0.21471360325813293,0.2074897289276123,0.18680237233638763,0.21153175830841064,9
288,0.22496220469474792,0.23231899738311768,0.16804586350917816,0.1715528517961502,0.20312003791332245,1
289,0.1987234503030777,0.16730153560638428,0.20649930834770203,0.19594934582710266,0.23152637481689453,12
290,0.18297603726387024,0.18144387006759644,0.18755006790161133,0.2315676361322403,0.21646232903003693,12
291,0.255031019449234,0.21303872764110565,0.1851179152727127,0.17850203812122345,0.16831021010875702,12
292,0.23103275895118713,0.2016228884458542,0.15465497970581055,0.1844327449798584,0.22825665771961212,9
293,0.21392114460468292,0.21834586560726166,0.17748598754405975,0.17222623527050018,0.21802081167697906,6
294,0.20518384873867035,0.1786440759897232,0.20341172814369202,0.2110697627067566,0.20169062912464142,6
295,0.19422027468681335,0.1898791342973709,0.17790073156356812,0.2176511138677597,0.22034871578216553,1
296,0.21268796920776367,0.20252713561058044,0.21328091621398926,0.1792147010564804,0.192289337515831,12
297,0.20031502842903137,0.21657589077949524,0.18834660947322845,0.18678873777389526,0.20797374844551086,12
298,0.23215754330158234,0.19307954609394073,0.16372743248939514,0.18981632590293884,0.22121915221214294,3
299,0.2112046629190445,0.1900159865617752,0.18522129952907562,0.2090417742729187,0.2045162320137024,1
300,0.1784907877445221,0.209432914853096,0.20365239679813385,0.1957472413778305,0.21267661452293396,9
301,0.18848799169063568,0.22725796699523926,0.19684381783008575,0.16936612129211426,0.21804417669773102,1
302,0.18660396337509155,0.21188876032829285,0.1994929015636444,0.2069787234067917,0.19503572583198547,3
303,0.17761272192001343,0.1615680605173111,0.22486548125743866,0.20453356206417084,0.23142017424106598,1
304,0.15895125269889832,0.20743533968925476,0.1883208453655243,0.22921568155288696,0.21607692539691925,6
305,0.24804441630840302,0.20094840228557587,0.1669362485408783,0.1797942966222763,0.20427663624286652,9
306,0.2103256732225418,0.21644343435764313,0.1775393933057785,0.17453016340732574,0.22116127610206604,6
307,0.20142865180969238,0.19604548811912537,0.20275424420833588,0.19982948899269104,0.1999422013759613,1
308,0.19677655398845673,0.2329285591840744,0.1513107866048813,0.21916842460632324,0.19981566071510315,1
309,0.17759834229946136,0.1911170780658722,0.208366259932518,0.1959911435842514,0.22692719101905823,6
310,0.2038075476884842,0.2112671285867691,0.1928279995918274,0.1938200742006302,0.19827726483345032,3
311,0.22408518195152283,0.21020665764808655,0.18651868402957916,0.20097339153289795,0.1782160848379135,12
312,0.2083854228258133,0.2024160772562027,0.185648113489151,0.19805747270584106,0.20549291372299194,12
313,0.19834187626838684,0.19277386367321014,0.19736430048942566,0.18826963007450104,0.22325032949447632,3
314,0.1879304051399231,0.18253424763679504,0.22520232200622559,0.2133704274892807,0.19096256792545319,6
315,0.21889179944992065,0.19323039054870605,0.20531778037548065,0.17574603855609894,0.2068140208721161,1
316,0.1751459240913391,0.16259765625,0.25998637080192566,0.21438536047935486,0.18788468837738037,9
317,0.20285244286060333,0.17870111763477325,0.1883094608783722,0.20004713535308838,0.23008985817432404,1
318,0.19499702751636505,0.19186781346797943,0.20793120563030243,0.19079798460006714,0.21440592408180237,12
319,0.20697632431983948,0.21427680552005768,0.20220863819122314,0.17571023106575012,0.20082804560661316,6
320,0.22359725832939148,0.19188255071640015,0.21034318208694458,0.15669195353984833,0.21748505532741547,6
321,0.18477120995521545,0.22293460369110107,0.20109185576438904,0.2074824869632721,0.18371979892253876,6
322,0.21647953987121582,0.184661865234375,0.17414705455303192,0.22247566282749176,0.2022358775138855,1
323,0.19592852890491486,0.20502351224422455,0.19737674295902252,0.19415564835071564,0.20751558244228363,9
324,0.1858428716659546,0.19175580143928528,0.21500147879123688,0.21655401587486267,0.1908458173274994,9
325,0.19084897637367249,0.16719979047775269,0.2373136430978775,0.20598956942558289,0.19864802062511444,12
326,0.19896502792835236,0.20252500474452972,0.184849351644516,0.2242615669965744,0.18939898908138275,3
327,0.20774292945861816,0.19708766043186188,0.23674070835113525,0.1820903718471527,0.17633825540542603,1
328,0.2533855140209198,0.18947358429431915,0.20555248856544495,0.17604249715805054,0.17554590106010437,12
329,0.2128872126340866,0.2023548185825348,0.18083292245864868,0.19879861176013947,0.20512641966342926,6
330,0.16674591600894928,0.21437785029411316,0.23519954085350037,0.22838550806045532,0.15529116988182068,1
331,0.19171182811260223,0.20881271362304688,0.20449848473072052,0.1939001828432083,0.20107686519622803,3
332,0.19594411551952362,0.19974806904792786,0.21827062964439392,0.20949314534664154,0.17654399573802948,12
333,0.2275017350912094,0.2210317999124527,0.15642018616199493,0.1820775419473648,0.21296878159046173,12
334,0.22520814836025238,0.19512271881103516,0.19296248257160187,0.19086188077926636,0.19584476947784424,3
335,0.16651199758052826,0.2129363864660263,0.26176127791404724,0.1702432632446289,0.1885470747947693,6
336,0.23629455268383026,0.19882668554782867,0.1914319545030594,0.15207812190055847,0.2213687151670456,1
337,0.21633537113666534,0.20731225609779358,0.17802177369594574,0.18441112339496613,0.21391955018043518,3
338,0.17026452720165253,0.21095159649848938,0.17463161051273346,0.20330555737018585,0.24084673821926117,9
339,0.14929375052452087,0.20592156052589417,0.20041285455226898,0.23414216935634613,0.21022972464561462,1
340,0.16105590760707855,0.18299610912799835,0.21108026802539825,0.22856682538986206,0.21630088984966278,9
341,0.20573197305202484,0.20767728984355927,0.18283569812774658,0.19236047565937042,0.2113945335149765,12
342,0.20071551203727722,0.1880972534418106,0.26424476504325867,0.17723459005355835,0.16970784962177277,6
343,0.22049090266227722,0.18712128698825836,0.1837574988603592,0.18037086725234985,0.22825945913791656,1
344,0.1867312341928482,0.21532230079174042,0.22410249710083008,0.19583454728126526,0.178009495139122,1
345,0.2317911833524704,0.18046218156814575,0.163247749209404,0.21661315858364105,0.2078857719898224,3
346,0.23639202117919922,0.20669500529766083,0.19533897936344147,0.17043527960777283,0.19113866984844208,9
347,0.1747884601354599,0.21109047532081604,0.22445937991142273,0.178175687789917,0.21148598194122314,1
348,0.16943638026714325,0.1866263896226883,0.20686499774456024,0.20714083313941956,0.22993138432502747,12
349,0.22316277027130127,0.17650659382343292,0.19776193797588348,0.21741339564323425,0.1851552575826645,9
350,0.17356917262077332,0.18958315253257751,0.27040210366249084,0.178709015250206,0.18773655593395233,3
351,0.22092074155807495,0.19512106478214264,0.18257637321949005,0.20070089399814606,0.2006809413433075,6
352,0.21842044591903687,0.2202540934085846,0.19482779502868652,0.2065492868423462,0.1599484533071518,1
353,0.1938338428735733,0.21511991322040558,0.20219825208187103,0.1867329627275467,0.20211507380008698,12
354,0.19108611345291138,0.2049322873353958,0.19318170845508575,0.21630510687828064,0.1944947987794876,6
355,0.22306446731090546,0.17389076948165894,0.19728095829486847,0.21686074137687683,0.18890301883220673,3
356,0.259428471326828,0.21167206764221191,0.1764373481273651,0.17508943378925323,0.17737266421318054,1
357,0.20465366542339325,0.17469613254070282,0.2165163904428482,0.20266836881637573,0.20146544277668,9
358,0.15992151200771332,0.17530405521392822,0.24751240015029907,0.21738523244857788,0.1998768448829651,12
359,0.21856233477592468,0.1857297718524933,0.1964527815580368,0.18932010233402252,0.20993508398532867,3
360,0.19685189425945282,0.1739768087863922,0.2330455332994461,0.17402921617031097,0.22209656238555908,6
361,0.16488735377788544,0.17619994282722473,0.19127896428108215,0.22393041849136353,0.24370330572128296,3
362,0.21702462434768677,0.2106858491897583,0.19145458936691284,0.16112203896045685,0.21971291303634644,12
363,0.21063613891601562,0.21657070517539978,0.19657324254512787,0.1881924271583557,0.1880275309085846,12
364,0.21465852856636047,0.1792677491903305,0.2119130790233612,0.2183878868818283,0.1757727563381195,12
365,0.20767726004123688,0.22172823548316956,0.20837274193763733,0.18116091191768646,0.1810608059167862,6
366,0.2036278247833252,0.19423389434814453,0.18855562806129456,0.19461314380168915,0.21896955370903015,1
367,0.22603508830070496,0.21969184279441833,0.16073189675807953,0.1922835409641266,0.2012576013803482,6
368,0.16614791750907898,0.19543656706809998,0.2517898976802826,0.20830431580543518,0.17832134664058685,1
369,0.16919757425785065,0.20095199346542358,0.1722031831741333,0.24724070727825165,0.21040652692317963,3
370,0.17254845798015594,0.16102130711078644,0.24512577056884766,0.22041603922843933,0.20088836550712585,3
371,0.23977571725845337,0.23020458221435547,0.188230499625206,0.1775042563676834,0.16428494453430176,3
372,0.21496552228927612,0.2134670466184616,0.18660424649715424,0.213283509016037,0.17167969048023224,3
373,0.211466982960701,0.2228284627199173,0.2270684838294983,0.15952670574188232,0.1791093349456787,12
374,0.16185016930103302,0.1843002438545227,0.186570942401886,0.19295744597911835,0.2743212580680847,9
375,0.1889720857143402,0.20167915523052216,0.2012956440448761,0.19786882400512695,0.21018430590629578,9
376,0.18199501931667328,0.1853366196155548,0.2112518846988678,0.2379540652036667,0.18346238136291504,12
377,0.16638952493667603,0.22725355625152588,0.2013969123363495,0.22885768115520477,0.17610234022140503,9
378,0.21188171207904816,0.18259289860725403,0.24019701778888702,0.1831449419260025,0.18218345940113068,3
379,0.22885103523731232,0.19592386484146118,0.18208710849285126,0.17955973744392395,0.21357828378677368,9
380,0.22596560418605804,0.21037761867046356,0.17405642569065094,0.18342049419879913,0.2061798870563507,12
381,0.17113231122493744,0.20689672231674194,0.17906522750854492,0.19666056334972382,0.2462451159954071,3
382,0.2102346122264862,0.1874702125787735,0.1882590353488922,0.2097722738981247,0.20426391065120697,6
383,0.1952231079339981,0.19548273086547852,0.21729221940040588,0.2006264626979828,0.1913755089044571,3
384,0.1979462206363678,0.2585870027542114,0.1804167479276657,0.1500721573829651,0.21297785639762878,12
385,0.1878555864095688,0.1763017326593399,0.22427015006542206,0.21171340346336365,0.19985917210578918,6
386,0.1806364506483078,0.20228250324726105,0.23114728927612305,0.17917700111865997,0.20675672590732574,12
387,0.2125721275806427,0.18389900028705597,0.20631803572177887,0.1932368278503418,0.20397403836250305,6
388,0.2030196636915207,0.19249749183654785,0.18345825374126434,0.21390634775161743,0.2071182280778885,1
389,0.24802076816558838,0.16064253449440002,0.17891252040863037,0.19840462505817413,0.2140195667743683,12
390,0.22077789902687073,0.16997432708740234,0.1811944544315338,0.1891639679670334,0.23888932168483734,3
391,0.23510374128818512,0.17652800679206848,0.17202390730381012,0.2196609377861023,0.19668342173099518,1
392,0.17819522321224213,0.18147243559360504,0.19365294277668,0.24211665987968445,0.2045626938343048,3
393,0.197077214717865,0.2129245102405548,0.21076810359954834,0.18485668301582336,0.1943735033273697,12
394,0.2562635838985443,0.24529965221881866,0.17433664202690125,0.13857944309711456,0.18552066385746002,12
395,0.20443427562713623,0.23636667430400848,0.1980518102645874,0.1800115555524826,0.18113571405410767,3
396,0.20285917818546295,0.2312295138835907,0.18944695591926575,0.18677106499671936,0.18969331681728363,12
397,0.19089289009571075,0.20245985686779022,0.20421522855758667,0.18660011887550354,0.2158319652080536,3
398,0.2418508380651474,0.1970253735780716,0.15217743813991547,0.21179410815238953,0.197152242064476,9
399,0.20339764654636383,0.15536795556545258,0.20318709313869476,0.21725325286388397,0.22079406678676605,1
400,0.22813047468662262,0.21096263825893402,0.1663607358932495,0.16407333314418793,0.23047280311584473,9
401,0.2207072675228119,0.21781836450099945,0.2032857984304428,0.18454326689243317,0.1736452579498291,6
402,0.20195570588111877,0.22100824117660522,0.16689454019069672,0.2015695571899414,0.20857201516628265,3
403,0.2026125192642212,0.20708481967449188,0.18271614611148834,0.1906070113182068,0.21697954833507538,3
404,0.18974828720092773,0.20240440964698792,0.25202980637550354,0.16895507276058197,0.18686240911483765,12
405,0.1823146939277649,0.19461539387702942,0.21095481514930725,0.21356822550296783,0.1985468566417694,1
406,0.23948538303375244,0.20654596388339996,0.17994703352451324,0.1633867770433426,0.21063488721847534,6
407,0.23047348856925964,0.18102125823497772,0.208112433552742,0.18714596331119537,0.19324687123298645,6
408,0.1614750772714615,0.2130875140428543,0.252453088760376,0.17416660487651825,0.19881775975227356,6
409,0.20514091849327087,0.19914989173412323,0.16842003166675568,0.2069558948278427,0.22033332288265228,12
410,0.22986483573913574,0.1937277466058731,0.18264195322990417,0.18924400210380554,0.20452143251895905,1
411,0.19797132909297943,0.2083885222673416,0.18782281875610352,0.19975656270980835,0.2060607373714447,1
412,0.17107823491096497,0.21089129149913788,0.21023759245872498,0.20054149627685547,0.20725135505199432,12
413,0.1976831555366516,0.22284498810768127,0.19411174952983856,0.19066442549228668,0.19469569623470306,9
414,0.19225841760635376,0.2238599956035614,0.25017476081848145,0.16840550303459167,0.16530127823352814,6
415,0.2323281317949295,0.18521606922149658,0.19235160946846008,0.19900056719779968,0.19110360741615295,3
416,0.20243923366069794,0.1726074367761612,0.20289230346679688,0.21849407255649567,0.20356690883636475,1
417,0.21615253388881683,0.18556255102157593,0.17394104599952698,0.22933730483055115,0.1950066089630127,3
418,0.21908240020275116,0.19881407916545868,0.17805327475070953,0.20578297972679138,0.19826728105545044,1
419,0.2175634503364563,0.2117117941379547,0.18928107619285583,0.17639370262622833,0.20504993200302124,12
420,0.18098725378513336,0.21399898827075958,0.22980058193206787,0.1760779321193695,0.19913525879383087,12
421,0.20440520346164703,0.20049411058425903,0.19233950972557068,0.2092052847146988,0.19355596601963043,3
422,0.21431182324886322,0.18214432895183563,0.21250592172145844,0.18083231151103973,0.21020561456680298,12
423,0.2224627137184143,0.19391879439353943,0.20886939764022827,0.1799519956111908,0.194797083735466,6
424,0.1996295303106308,0.20780344307422638,0.19128218293190002,0.17529065907001495,0.22599416971206665,12
425,0.1876322329044342,0.1773015260696411,0.19555966556072235,0.22901740670204163,0.21048910915851593,1
426,0.16430310904979706,0.166264608502388,0.2650887072086334,0.2341061234474182,0.1702374815940857,3
427,0.16882269084453583,0.1987813264131546,0.18978610634803772,0.2610485553741455,0.18156135082244873,3
428,0.22794827818870544,0.18419498205184937,0.1924104243516922,0.2002354860305786,0.195210799574852,6
429,0.1714472621679306,0.17420005798339844,0.21311980485916138,0.24451707303524017,0.19671589136123657,9
430,0.21232523024082184,0.17661581933498383,0.21032209694385529,0.21076296269893646,0.18997390568256378,12
431,0.1789640188217163,0.18048807978630066,0.21851322054862976,0.23355448246002197,0.1884802281856537,9
432,0.1936206817626953,0.20154701173305511,0.19707739353179932,0.2023032307624817,0.20545171201229095,12
433,0.21404340863227844,0.185855433344841,0.21516968309879303,0.19819144904613495,0.18674001097679138,6
434,0.22534196078777313,0.20759321749210358,0.20232777297496796,0.1677977591753006,0.19693922996520996,1
435,0.19358506798744202,0.186773419380188,0.22677698731422424,0.18519704043865204,0.2076674997806549,12
436,0.2039330154657364,0.21776221692562103,0.21044455468654633,0.17904208600521088,0.18881815671920776,12
437,0.19144083559513092,0.2237144410610199,0.2014043927192688,0.18776929378509521,0.1956709772348404,12
438,0.17774993181228638,0.17792057991027832,0.21112796664237976,0.2548201382160187,0.17838139832019806,6
439,0.20165802538394928,0.2082642912864685,0.1894911229610443,0.20926527678966522,0.19132138788700104,9
440,0.23810265958309174,0.19873228669166565,0.1644967794418335,0.19767595827579498,0.20099231600761414,1
441,0.19550563395023346,0.21673986315727234,0.18360622227191925,0.2022494226694107,0.20189884305000305,12
442,0.18799792230129242,0.18726187944412231,0.19274546205997467,0.18422509729862213,0.2477695792913437,1
443,0.1779203563928604,0.20392203330993652,0.2057146430015564,0.22015425562858582,0.19228872656822205,9
444,0.1974334567785263,0.2030630111694336,0.23390576243400574,0.17569665610790253,0.18990114331245422,6
445,0.17799976468086243,0.2230055332183838,0.20969229936599731,0.19951406121253967,0.18978838622570038,9
446,0.2127818763256073,0.22164539992809296,0.1762579381465912,0.19577908515930176,0.1935357302427292,6
447,0.2071826457977295,0.1911836564540863,0.18113277852535248,0.18310734629631042,0.23739352822303772,6
448,0.2331395149230957,0.20752008259296417,0.17015528678894043,0.16789700090885162,0.22128817439079285,12
449,0.18402618169784546,0.18393222987651825,0.21108128130435944,0.23042255640029907,0.19053776562213898,3
450,0.19015191495418549,0.207586869597435,0.16893896460533142,0.20969657599925995,0.22362563014030457,6
451,0.2051338106393814,0.190138578414917,0.1795656979084015,0.1877269744873047,0.2374349683523178,1
452,0.21012407541275024,0.19874556362628937,0.17866921424865723,0.17336951196193695,0.23909151554107666,6
453,0.19838014245033264,0.19084523618221283,0.20660300552845,0.18401363492012024,0.22015808522701263,12
454,0.2176133245229721,0.21064771711826324,0.19718492031097412,0.1864076405763626,0.18814639747142792,6
455,0.20099756121635437,0.21257999539375305,0.1689271479845047,0.20169688761234283,0.21579840779304504,6
456,0.2021302580833435,0.18904423713684082,0.2198861837387085,0.16957256197929382,0.21936674416065216,1
457,0.24945901334285736,0.19625528156757355,0.20143090188503265,0.16741478443145752,0.18543994426727295,12
458,0.19259044528007507,0.19839094579219818,0.23059400916099548,0.1848437488079071,0.19358089566230774,6
459,0.22091975808143616,0.19723673164844513,0.18374277651309967,0.20932957530021667,0.18877120316028595,6
460,0.2290314882993698,0.19987723231315613,0.2228759378194809,0.17388203740119934,0.17433322966098785,12
461,0.19236865639686584,0.21314233541488647,0.20549708604812622,0.18011164665222168,0.20888033509254456,1
462,0.1928010731935501,0.1740194708108902,0.2348749339580536,0.21284139156341553,0.18546313047409058,12
463,0.18370814621448517,0.19480106234550476,0.1727207899093628,0.23192116618156433,0.21684880554676056,1
464,0.20896659791469574,0.1807429939508438,0.17208412289619446,0.22865808010101318,0.2095482349395752,9
465,0.16683989763259888,0.20176203548908234,0.21786780655384064,0.22085633873939514,0.192673921585083,9
466,0.21695055067539215,0.18309728801250458,0.22663533687591553,0.18199928104877472,0.1913175731897354,6
467,0.19927527010440826,0.1927582025527954,0.2033422589302063,0.21552209556102753,0.18910223245620728,6
468,0.18648768961429596,0.21401691436767578,0.1830492913722992,0.18495406210422516,0.2314920574426651,9
469,0.20865684747695923,0.19675450026988983,0.19602231681346893,0.2023179829120636,0.19624833762645721,6
470,0.2197466343641281,0.17629140615463257,0.22449378669261932,0.20606914162635803,0.17339898645877838,9
471,0.20841364562511444,0.175873801112175,0.1892998367547989,0.21659941971302032,0.20981328189373016,12
472,0.2317279726266861,0.17861835658550262,0.1958528310060501,0.22496910393238068,0.1688316911458969,12
473,0.23233483731746674,0.22716622054576874,0.1685478389263153,0.17966856062412262,0.1922825276851654,3
474,0.19500787556171417,0.16995438933372498,0.17695067822933197,0.24741999804973602,0.21066704392433167,9
475,0.18479759991168976,0.19371332228183746,0.2349988967180252,0.19190727174282074,0.19458292424678802,12
476,0.2152220755815506,0.18446218967437744,0.1951240748167038,0.22090652585029602,0.18428514897823334,12
477,0.23635314404964447,0.18773600459098816,0.19418562948703766,0.20378422737121582,0.1779409945011139,3
478,0.2042611837387085,0.16793246567249298,0.21861274540424347,0.22993309795856476,0.1792604774236679,3
479,0.16471785306930542,0.1918155401945114,0.20174823701381683,0.24077638983726501,0.20094196498394012,9
480,0.2037598341703415,0.18928350508213043,0.2168710082769394,0.2002277672290802,0.1898578405380249,3
481,0.19778279960155487,0.1831098198890686,0.20350933074951172,0.20926405489444733,0.2063339501619339,1
482,0.1848803013563156,0.15954691171646118,0.2050590217113495,0.23697543144226074,0.2135382890701294,9
483,0.16998955607414246,0.1945810168981552,0.19827142357826233,0.1973607838153839,0.23979723453521729,9
484,0.1873985379934311,0.18314577639102936,0.20629559457302094,0.25677114725112915,0.16638894379138947,9
485,0.17793315649032593,0.18382909893989563,0.19009922444820404,0.2498902529478073,0.1982482671737671,1
486,0.20685486495494843,0.20956958830356598,0.19978387653827667,0.17570100724697113,0.2080906480550766,12
487,0.22033758461475372,0.18859253823757172,0.18617753684520721,0.2079479843378067,0.1969444304704666,6
488,0.17347003519535065,0.1823633462190628,0.20769885182380676,0.2450658231973648,0.19140195846557617,1
489,0.21481038630008698,0.18583522737026215,0.20933237671852112,0.22198210656642914,0.16803990304470062,1
490,0.18526646494865417,0.20607224106788635,0.21714501082897186,0.21523092687129974,0.17628537118434906,9
491,0.21137996017932892,0.1746864765882492,0.22252611815929413,0.20414501428604126,0.1872624158859253,1
492,0.17317262291908264,0.16591578722000122,0.22424562275409698,0.25911277532577515,0.1775532066822052,6
493,0.18091827630996704,0.18258310854434967,0.2133326232433319,0.24983170628547668,0.1733342856168747,3
494,0.246107280254364,0.20565000176429749,0.1772029548883438,0.17674794793128967,0.1942918598651886,6
495,0.20818176865577698,0.2270439714193344,0.20223462581634521,0.2140408307313919,0.1484987586736679,9
496,0.21717065572738647,0.18786311149597168,0.23264512419700623,0.1653185486793518,0.19700250029563904,3
497,0.21424585580825806,0.21292294561862946,0.1864626258611679,0.18953590095043182,0.1968325972557068,1
498,0.24789409339427948,0.18664893507957458,0.192034050822258,0.1982203871011734,0.17520251870155334,6
499,0.21714834868907928,0.19451335072517395,0.22158031165599823,0.17276664078235626,0.19399131834506989,9
500,0.16791170835494995,0.17793528735637665,0.2559604048728943,0.19319574534893036,0.20499677956104279,1
501,0.19232623279094696,0.20242944359779358,0.2099657654762268,0.183334618806839,0.21194392442703247,6
502,0.19437740743160248,0.21860061585903168,0.16601234674453735,0.19997811317443848,0.22103150188922882,6
503,0.19561488926410675,0.22316618263721466,0.20754167437553406,0.2025284767150879,0.17114880681037903,12
504,0.18873052299022675,0.1754128336906433,0.1844523698091507,0.2505817115306854,0.20082256197929382,9
505,0.20145730674266815,0.18123553693294525,0.1833401918411255,0.22172479331493378,0.2122422158718109,9
506,0.23771870136260986,0.2268959879875183,0.18258121609687805,0.18318235874176025,0.16962169110774994,3
507,0.22699329257011414,0.19099387526512146,0.1870075762271881,0.1938558667898178,0.20114940404891968,3
508,0.21182827651500702,0.19454243779182434,0.18685416877269745,0.17697352170944214,0.22980158030986786,12
509,0.18939699232578278,0.19839835166931152,0.21549178659915924,0.20757217705249786,0.1891407072544098,1
510,0.18876047432422638,0.17687273025512695,0.21147169172763824,0.20909608900547028,0.21379904448986053,3
511,0.17373773455619812,0.22528140246868134,0.216451033949852,0.18825332820415497,0.1962764710187912,12
512,0.19937318563461304,0.21898674964904785,0.18958544731140137,0.1909177303314209,0.20113690197467804,6
513,0.16676095128059387,0.19258521497249603,0.20868255198001862,0.22212792932987213,0.2098434418439865,9
514,0.19609668850898743,0.23202462494373322,0.16101567447185516,0.1949978619813919,0.21586517989635468,3
515,0.2049919068813324,0.21431869268417358,0.18245288729667664,0.18312692642211914,0.2151096761226654,1
516,0.2334035336971283,0.23612117767333984,0.1674533635377884,0.18825016915798187,0.17477180063724518,1
517,0.19745123386383057,0.19902749359607697,0.19085989892482758,0.18075178563594818,0.2319096028804779,12
518,0.2153317779302597,0.19097748398780823,0.1881881058216095,0.23469971120357513,0.17080289125442505,9
519,0.197114959359169,0.19644439220428467,0.20528534054756165,0.19037018716335297,0.21078506112098694,3
520,0.21492011845111847,0.21033994853496552,0.17026542127132416,0.2049800157546997,0.19949451088905334,6
521,0.1792551577091217,0.19642598927021027,0.17621219158172607,0.20373380184173584,0.24437278509140015,6
522,0.22577445209026337,0.20059432089328766,0.17843599617481232,0.172828808426857,0.22236639261245728,1
523,0.22634565830230713,0.19943252205848694,0.15968598425388336,0.17073804140090942,0.24379779398441315,9
524,0.19164659082889557,0.1938449591398239,0.23900437355041504,0.1930195689201355,0.18248458206653595,1
525,0.18856358528137207,0.18794585764408112,0.2147093564271927,0.19446676969528198,0.21431440114974976,6
526,0.16804896295070648,0.189021036028862,0.20529089868068695,0.1829758733510971,0.25466322898864746,1
527,0.22903558611869812,0.18088605999946594,0.2153378129005432,0.18178409337997437,0.19295647740364075,1
528,0.19364981353282928,0.1857074797153473,0.19097328186035156,0.17214660346508026,0.2575228810310364,3
529,0.19651514291763306,0.18149428069591522,0.215129554271698,0.18322503566741943,0.22363600134849548,6
530,0.1662570983171463,0.1821952909231186,0.22956891357898712,0.22516889870166779,0.19680984318256378,1
531,0.19775831699371338,0.204050675034523,0.1880681961774826,0.21912717819213867,0.19099566340446472,1
532,0.1645466685295105,0.18004019558429718,0.20977669954299927,0.23785267770290375,0.20778381824493408,1
533,0.22234056890010834,0.20141305029392242,0.19236187636852264,0.17618507146835327,0.20769940316677094,9
534,0.18444806337356567,0.2212168276309967,0.24129408597946167,0.18892772495746613,0.164113387465477,1
535,0.18470408022403717,0.21388880908489227,0.21697378158569336,0.2099132090806961,0.1745200753211975,3
536,0.187978133559227,0.1842416226863861,0.2204432487487793,0.2166067212820053,0.19073033332824707,1
537,0.1874348521232605,0.17304320633411407,0.21458019316196442,0.1998375803232193,0.2251041829586029,3
538,0.21543274819850922,0.19465535879135132,0.21610777080059052,0.20050448179244995,0.1732996106147766,12
539,0.2021048218011856,0.21045060455799103,0.2060127705335617,0.1544007956981659,0.227030947804451,3
540,0.2140023559331894,0.19918371737003326,0.19445402920246124,0.18736806511878967,0.20499186217784882,9
541,0.20663002133369446,0.1907629817724228,0.24743801355361938,0.1700853854417801,0.18508365750312805,6
542,0.21387536823749542,0.17603273689746857,0.19289818406105042,0.21054072678089142,0.20665307343006134,9
543,0.18101230263710022,0.17984066903591156,0.21172666549682617,0.20075567066669464,0.22666466236114502,6
544,0.24662767350673676,0.2235482633113861,0.16586966812610626,0.17947426438331604,0.1844801902770996,6
545,0.176993265748024,0.17997756600379944,0.22943349182605743,0.23068487644195557,0.1829107701778412,1
546,0.14400498569011688,0.20052127540111542,0.225518137216568,0.2043377161026001,0.2256179004907608,6
547,0.2068481594324112,0.20333895087242126,0.17198297381401062,0.2067095935344696,0.2111203819513321,9
548,0.22868499159812927,0.22073274850845337,0.17283740639686584,0.17205265164375305,0.20569218695163727,6
549,0.1887168437242508,0.19761674106121063,0.18661198019981384,0.2495783269405365,0.17747615277767181,12
550,0.21391244232654572,0.21058966219425201,0.17887887358665466,0.18824009597301483,0.20837892591953278,3
551,0.2143729329109192,0.2233351320028305,0.19091708958148956,0.17718875408172607,0.19418607652187347,9
552,0.23044626414775848,0.24303342401981354,0.17072813212871552,0.16279126703739166,0.193000927567482,12
553,0.2217652052640915,0.20475126802921295,0.1684587299823761,0.19236572086811066,0.2126591056585312,1
554,0.22851723432540894,0.20119811594486237,0.17053137719631195,0.20115059614181519,0.19860267639160156,9
555,0.18013693392276764,0.17341482639312744,0.19231891632080078,0.22908852994441986,0.22504086792469025,9
556,0.21777044236660004,0.18995818495750427,0.1792374700307846,0.2131444364786148,0.1998894214630127,9
557,0.2230895310640335,0.1920873522758484,0.2169751524925232,0.15770146250724792,0.2101464867591858,1
558,0.17664460837841034,0.23032788932323456,0.20216691493988037,0.19213172793388367,0.19872891902923584,1
559,0.20450527966022491,0.20387592911720276,0.18792709708213806,0.19000081717967987,0.21369092166423798,12
560,0.1844964474439621,0.16725532710552216,0.1927563101053238,0.24382250010967255,0.2116694301366806,12
561,0.21532756090164185,0.22013798356056213,0.1920391023159027,0.18934519588947296,0.18315012753009796,6
562,0.2342958301305771,0.18888957798480988,0.16949136555194855,0.22301527857780457,0.18430791795253754,1
563,0.2118920534849167,0.2006818801164627,0.2130843847990036,0.19387494027614594,0.18046672642230988,3
564,0.23838971555233002,0.20933111011981964,0.1577213555574417,0.15620967745780945,0.23834814131259918,9
565,0.2158593386411667,0.22911755740642548,0.2054077833890915,0.16802215576171875,0.18159309029579163,9
566,0.20849624276161194,0.2132483422756195,0.1746857911348343,0.19375433027744293,0.20981532335281372,3
567,0.20755134522914886,0.2520662546157837,0.16938833892345428,0.1584855169057846,0.21250855922698975,12
568,0.19959887862205505,0.1725781410932541,0.24445664882659912,0.20048902928829193,0.1828772872686386,1
569,0.21557314693927765,0.16365551948547363,0.18536822497844696,0.20081157982349396,0.234591543674469,1
570,0.20615269243717194,0.20748186111450195,0.18370909988880157,0.16791661083698273,0.2347397804260254,1
571,0.1970718801021576,0.2062714844942093,0.21157239377498627,0.17208047211170197,0.21300381422042847,1
572,0.22650624811649323,0.18717777729034424,0.2379915416240692,0.17466366291046143,0.1736607551574707,9
573,0.19570450484752655,0.1771208494901657,0.22209809720516205,0.20117133855819702,0.20390525460243225,9
574,0.19992485642433167,0.18443088233470917,0.21974050998687744,0.21397839486598969,0.18192540109157562,9
575,0.18127374351024628,0.17584770917892456,0.22913959622383118,0.22040332853794098,0.19333568215370178,3
576,0.18642091751098633,0.2075992077589035,0.23726770281791687,0.17474699020385742,0.19396519660949707,1
577,0.17057254910469055,0.18130475282669067,0.23341140151023865,0.20014770328998566,0.21456362307071686,12
578,0.17469963431358337,0.1785038560628891,0.26942330598831177,0.2062087208032608,0.17116448283195496,1
579,0.19690965116024017,0.20025105774402618,0.19187630712985992,0.20635873079299927,0.20460428297519684,3
580,0.21169878542423248,0.23660153150558472,0.1957840472459793,0.18650496006011963,0.16941070556640625,12
581,0.19513824582099915,0.20529569685459137,0.19627848267555237,0.20020276308059692,0.2030848115682602,6
582,0.15565794706344604,0.16504833102226257,0.2528762221336365,0.21209025382995605,0.21432724595069885,9
583,0.19597351551055908,0.1905774176120758,0.22808270156383514,0.18944774568080902,0.19591861963272095,12
584,0.2004614770412445,0.19032955169677734,0.1851893961429596,0.18695829808712006,0.2370612919330597,9
585,0.19211061298847198,0.16863851249217987,0.17980840802192688,0.2227112203836441,0.23673120141029358,12
586,0.19778834283351898,0.19348661601543427,0.22031328082084656,0.20628014206886292,0.18213163316249847,3
587,0.2033243179321289,0.18716391921043396,0.2532777786254883,0.1779271513223648,0.17830686271190643,3
588,0.16643567383289337,0.18069656193256378,0.2664135992527008,0.18396754562854767,0.20248660445213318,12
589,0.204904243350029,0.19138997793197632,0.19630473852157593,0.19367818534374237,0.21372286975383759,12
590,0.19671428203582764,0.19035598635673523,0.21656891703605652,0.20981737971305847,0.18654349446296692,9
591,0.19459876418113708,0.18517111241817474,0.19442681968212128,0.21732141077518463,0.20848184823989868,1
592,0.19941842555999756,0.19534820318222046,0.22406499087810516,0.19236235320568085,0.18880604207515717,1
593,0.17943909764289856,0.21443122625350952,0.18608538806438446,0.20950399339199066,0.21054033935070038,12
594,0.1761200875043869,0.23463064432144165,0.25305670499801636,0.1784839928150177,0.1577085554599762,6
595,0.1700817197561264,0.1950930505990982,0.2371651977300644,0.1966797113418579,0.2009803205728531,12
596,0.2305527925491333,0.2013683170080185,0.17134283483028412,0.20505015552043915,0.19168590009212494,6
597,0.22862450778484344,0.20242896676063538,0.1641714870929718,0.1975778490304947,0.2071971744298935,12
598,0.2419540286064148,0.17710448801517487,0.1769648641347885,0.17037568986415863,0.23360095918178558,12
599,0.2103658765554428,0.21635201573371887,0.19864432513713837,0.19930499792099,0.17533273994922638,6
600,0.20013688504695892,0.20614463090896606,0.17258937656879425,0.22538843750953674,0.19574066996574402,3
601,0.19029255211353302,0.1781632900238037,0.20757178962230682,0.21857692301273346,0.20539544522762299,12
602,0.20204177498817444,0.19710829854011536,0.21639437973499298,0.19169799983501434,0.19275745749473572,9
603,0.17294155061244965,0.18786558508872986,0.20350074768066406,0.22440682351589203,0.2112852782011032,6
604,0.19995921850204468,0.1869405061006546,0.19862227141857147,0.17753636837005615,0.2369416356086731,3
605,0.18699872493743896,0.21352751553058624,0.2086663395166397,0.21038837730884552,0.18041905760765076,1
606,0.1994379758834839,0.1864660531282425,0.24960258603096008,0.1780596375465393,0.18643368780612946,12
607,0.1712018996477127,0.19386932253837585,0.20417523384094238,0.19646894931793213,0.23428452014923096,12
608,0.21490611135959625,0.17171579599380493,0.16125598549842834,0.22306637465953827,0.22905580699443817,12
609,0.19103436172008514,0.21119588613510132,0.21209338307380676,0.17937792837619781,0.20629844069480896,3
610,0.19821980595588684,0.2148347795009613,0.1645987331867218,0.22646275162696838,0.19588397443294525,12
611,0.21415546536445618,0.22032462060451508,0.18929606676101685,0.1601562201976776,0.2160676121711731,6
612,0.20000597834587097,0.18475767970085144,0.19925527274608612,0.21846053004264832,0.19752056896686554,9
613,0.1790858656167984,0.19590739905834198,0.19805343449115753,0.2104707956314087,0.2164824903011322,12
614,0.18345357477664948,0.1671270728111267,0.2296183854341507,0.25208428502082825,0.1677166074514389,9
615,0.19091685116291046,0.1904609054327011,0.21502690017223358,0.20291630923748016,0.2006790190935135,3
616,0.2429400384426117,0.19119442999362946,0.18488314747810364,0.21496480703353882,0.166017547249794,6
617,0.2060597836971283,0.17816779017448425,0.21599820256233215,0.20138826966285706,0.19838599860668182,1
618,0.21299846470355988,0.22156362235546112,0.18595534563064575,0.20468167960643768,0.17480087280273438,12
619,0.18826137483119965,0.17767353355884552,0.2203785926103592,0.18440745770931244,0.2292790561914444,1
620,0.22897519171237946,0.1777992844581604,0.21095041930675507,0.20267413556575775,0.17960096895694733,3
621,0.1972530484199524,0.20703193545341492,0.1997428685426712,0.18730632960796356,0.20866580307483673,12
622,0.24075646698474884,0.22071045637130737,0.16506949067115784,0.1673138588666916,0.20614966750144958,1
623,0.19994889199733734,0.23408003151416779,0.16013886034488678,0.16606177389621735,0.23977036774158478,12
624,0.1784404069185257,0.23277772963047028,0.22702935338020325,0.16914410889148712,0.19260843098163605,1
625,0.19615347683429718,0.16894809901714325,0.212071031332016,0.24789470434188843,0.17493262887001038,1
626,0.2066260427236557,0.17625056207180023,0.1860346645116806,0.20659103989601135,0.2244977205991745,12
627,0.20565222203731537,0.19674646854400635,0.17165832221508026,0.22826461493968964,0.1976783722639084,9
628,0.15934276580810547,0.17989060282707214,0.20955848693847656,0.2718934714794159,0.1793147176504135,6
629,0.20739373564720154,0.19399936497211456,0.18587537109851837,0.21744099259376526,0.19529055058956146,1
630,0.17557671666145325,0.21505461633205414,0.208566352725029,0.20571571588516235,0.19508662819862366,3
631,0.20954175293445587,0.18259002268314362,0.18287843465805054,0.21973182260990143,0.20525790750980377,9
632,0.18598774075508118,0.18655823171138763,0.1961338222026825,0.17963972687721252,0.25168052315711975,12
633,0.25601473450660706,0.18868334591388702,0.16265544295310974,0.19166040420532227,0.2009861022233963,6
634,0.23694509267807007,0.1896190047264099,0.18307872116565704,0.1795157492160797,0.21084141731262207,1
635,0.22569379210472107,0.22856834530830383,0.17643852531909943,0.1808767467737198,0.1884225457906723,6
636,0.183196559548378,0.188252255320549,0.22257032990455627,0.22618430852890015,0.17979654669761658,6
637,0.16507866978645325,0.21364253759384155,0.2485642284154892,0.19856025278568268,0.17415432631969452,12
638,0.16949677467346191,0.2076297402381897,0.20874126255512238,0.2155008763074875,0.19863131642341614,3
639,0.1921018660068512,0.16523411870002747,0.23836126923561096,0.19891881942749023,0.20538392663002014,3
640,0.20699474215507507,0.1895603984594345,0.2010555863380432,0.2136193960905075,0.1887698620557785,6
641,0.19165825843811035,0.1920849233865738,0.2109028398990631,0.21843481063842773,0.18691913783550262,9
642,0.17359191179275513,0.18246319890022278,0.2076903134584427,0.2360846847295761,0.2001698911190033,9
643,0.178863063454628,0.18595243990421295,0.22822651267051697,0.24093663692474365,0.16602127254009247,6
644,0.21245384216308594,0.16751329600811005,0.19749955832958221,0.20860619843006134,0.21392716467380524,6
645,0.20288926362991333,0.1929512470960617,0.20059576630592346,0.19466754794120789,0.20889617502689362,9
646,0.2053072452545166,0.2147248536348343,0.20753315091133118,0.18363633751869202,0.1887984424829483,9
647,0.1883372962474823,0.203599214553833,0.19650618731975555,0.20827405154705048,0.20328322052955627,9
648,0.2080410122871399,0.198775976896286,0.1857222616672516,0.2180854082107544,0.18937534093856812,6
649,0.21745361387729645,0.17859260737895966,0.19653882086277008,0.19211110472679138,0.21530379354953766,6
650,0.1538003832101822,0.20325389504432678,0.23722781240940094,0.22047948837280273,0.18523843586444855,12
651,0.2177615761756897,0.20049060881137848,0.18809381127357483,0.19403856992721558,0.19961537420749664,1
652,0.22673487663269043,0.21593040227890015,0.16888180375099182,0.20863637328147888,0.1798166185617447,3
653,0.1931907683610916,0.168480783700943,0.22018282115459442,0.19563810527324677,0.2225075662136078,1
654,0.20230819284915924,0.19858448207378387,0.20712065696716309,0.17280074954032898,0.21918582916259766,12
655,0.1860925406217575,0.19956231117248535,0.21480649709701538,0.22207194566726685,0.17746677994728088,9
656,0.19692310690879822,0.19898617267608643,0.19523532688617706,0.21815750002861023,0.19069784879684448,6
657,0.17167650163173676,0.2339215874671936,0.19427374005317688,0.21039237082004547,0.1897357553243637,12
658,0.2303435206413269,0.19726617634296417,0.18594397604465485,0.17896795272827148,0.20747828483581543,3
659,0.21907353401184082,0.2004188895225525,0.1823596954345703,0.17962701618671417,0.21852083504199982,3
660,0.21465136110782623,0.21974781155586243,0.18031951785087585,0.15925553441047668,0.22602586448192596,9
661,0.21779942512512207,0.17001181840896606,0.18632866442203522,0.22483490407466888,0.20102515816688538,3
662,0.23483072221279144,0.2061864137649536,0.1785745769739151,0.1672896295785904,0.21311867237091064,9
663,0.21450752019882202,0.22791454195976257,0.19122157990932465,0.1720382422208786,0.19431817531585693,3
664,0.1891545057296753,0.21132954955101013,0.22096605598926544,0.16890238225460052,0.20964747667312622,9
665,0.208292618393898,0.18525514006614685,0.18493926525115967,0.22519786655902863,0.19631503522396088,12
666,0.21053476631641388,0.18117497861385345,0.18275484442710876,0.2291039228439331,0.1964314728975296,3
667,0.19066447019577026,0.23976828157901764,0.17982177436351776,0.18671312928199768,0.20303227007389069,9
668,0.1704130619764328,0.19040009379386902,0.24166445434093475,0.20925484597682953,0.18826761841773987,9
669,0.18470104038715363,0.2240971326828003,0.18780678510665894,0.19332842528820038,0.21006657183170319,9
670,0.1865883767604828,0.1957779824733734,0.19758395850658417,0.2397695928812027,0.18028011918067932,1
671,0.2076929807662964,0.18033847212791443,0.20440924167633057,0.18396729230880737,0.22359201312065125,1
672,0.20244260132312775,0.18992772698402405,0.16801495850086212,0.25107383728027344,0.18854093551635742,1
673,0.20249128341674805,0.17491401731967926,0.19969022274017334,0.24490317702293396,0.178001269698143,1
674,0.19473744928836823,0.20542216300964355,0.20806555449962616,0.2128608524799347,0.17891395092010498,6
675,0.16633686423301697,0.204004168510437,0.24182599782943726,0.22338588535785675,0.16444706916809082,1
676,0.1770346462726593,0.17532092332839966,0.22905997931957245,0.23350954055786133,0.18507494032382965,12
677,0.1979331374168396,0.20673489570617676,0.18729811906814575,0.19897030293941498,0.2090635448694229,3
678,0.20673620700836182,0.16778826713562012,0.1923045963048935,0.19394242763519287,0.23922842741012573,3
679,0.22247281670570374,0.20716655254364014,0.1994253545999527,0.1665787249803543,0.2043566256761551,9
680,0.18791769444942474,0.23081748187541962,0.16599489748477936,0.1777527779340744,0.23751717805862427,6
681,0.202144593000412,0.1770021766424179,0.19964982569217682,0.18819350004196167,0.23300990462303162,6
682,0.20157365500926971,0.2169506847858429,0.18659710884094238,0.2030891627073288,0.19178935885429382,3
683,0.17651516199111938,0.20343132317066193,0.19793175160884857,0.2210850715637207,0.2010367214679718,1
684,0.1891210675239563,0.21859979629516602,0.18754611909389496,0.1874784678220749,0.21725451946258545,3
685,0.16783209145069122,0.19735603034496307,0.22426894307136536,0.22763760387897491,0.18290528655052185,9
686,0.20260369777679443,0.1727251559495926,0.19124728441238403,0.2269069403409958,0.20651696622371674,6
687,0.20608174800872803,0.18061606585979462,0.18560676276683807,0.21732495725154877,0.21037045121192932,6
688,0.21325677633285522,0.21872633695602417,0.19655492901802063,0.19497278332710266,0.17648911476135254,3
689,0.2300339639186859,0.19966943562030792,0.16779422760009766,0.18047186732292175,0.22203046083450317,12
690,0.20586712658405304,0.24095042049884796,0.1801142394542694,0.18805232644081116,0.18501585721969604,12
691,0.17682655155658722,0.20679183304309845,0.2100060135126114,0.20279264450073242,0.20358294248580933,3
692,0.19990576803684235,0.20816391706466675,0.16999733448028564,0.21672217547893524,0.20521076023578644,3
693,0.19816948473453522,0.1835850477218628,0.25363317131996155,0.19135141372680664,0.1732608526945114,1
694,0.2025235891342163,0.22456564009189606,0.1648760735988617,0.2314794510602951,0.17655520141124725,6
695,0.18275213241577148,0.20122049748897552,0.1712181270122528,0.1997683048248291,0.24504093825817108,6
696,0.2652495503425598,0.17249512672424316,0.17960485816001892,0.17411692440509796,0.20853354036808014,3
697,0.20671097934246063,0.16756033897399902,0.2137908637523651,0.20300523936748505,0.2089325189590454,6
698,0.22443725168704987,0.20310088992118835,0.18981628119945526,0.1899479776620865,0.19269761443138123,9
699,0.22386527061462402,0.21478167176246643,0.18679562211036682,0.16443942487239838,0.21011795103549957,1
700,0.17611871659755707,0.21497578918933868,0.21058295667171478,0.20232582092285156,0.19599668681621552,6
701,0.22868122160434723,0.21062199771404266,0.1692257970571518,0.17789272964000702,0.21357828378677368,12
702,0.21824946999549866,0.20004796981811523,0.18990953266620636,0.1946725696325302,0.19712044298648834,9
703,0.22546172142028809,0.2096269577741623,0.16444732248783112,0.1856769174337387,0.214787095785141,1
704,0.20926900207996368,0.2023797631263733,0.16353705525398254,0.23544736206531525,0.18936687707901,12
705,0.1948522925376892,0.1669861078262329,0.21139183640480042,0.2244872748851776,0.20228244364261627,1
706,0.1931905597448349,0.19687193632125854,0.2126101702451706,0.1955610066652298,0.20176635682582855,6
707,0.24212543666362762,0.18890109658241272,0.19787365198135376,0.18600840866565704,0.18509140610694885,3
708,0.20704719424247742,0.21636879444122314,0.20095638930797577,0.1701873540878296,0.20544026792049408,3
709,0.17892374098300934,0.17459343373775482,0.19458840787410736,0.2231072634458542,0.22878722846508026,1
710,0.18099907040596008,0.17182940244674683,0.22978000342845917,0.20841465890407562,0.2089768350124359,9
711,0.21221445500850677,0.229924276471138,0.17327119410037994,0.1908877044916153,0.1937023252248764,12
712,0.20087192952632904,0.19443883001804352,0.20386840403079987,0.1907254457473755,0.21009543538093567,12
713,0.1885412335395813,0.21514998376369476,0.19069373607635498,0.22559426724910736,0.1800207644701004,9
714,0.16948674619197845,0.1887294203042984,0.2204405516386032,0.23986239731311798,0.18148088455200195,12
715,0.18742188811302185,0.19259385764598846,0.19048969447612762,0.22251549363136292,0.20697911083698273,3
716,0.21783147752285004,0.2325529158115387,0.19672773778438568,0.15719102323055267,0.1956968605518341,9
717,0.2116479128599167,0.192887544631958,0.21476922929286957,0.2018444836139679,0.17885075509548187,3
718,0.20362375676631927,0.18339012563228607,0.2318849265575409,0.16826219856739044,0.2128390073776245,1
719,0.21054939925670624,0.2079043984413147,0.19090256094932556,0.20157477259635925,0.18906882405281067,9
720,0.19350504875183105,0.19750940799713135,0.20283204317092896,0.19176319241523743,0.214390367269516,3
721,0.19358965754508972,0.19865821301937103,0.22692300379276276,0.19782543182373047,0.18300370872020721,9
722,0.16720303893089294,0.1743268519639969,0.17488035559654236,0.26403215527534485,0.21955765783786774,1
723,0.20098380744457245,0.18355892598628998,0.18893519043922424,0.24641992151737213,0.18010209500789642,9
724,0.23081199824810028,0.20430701971054077,0.16827617585659027,0.19908156991004944,0.19752323627471924,3
725,0.2174558937549591,0.19149620831012726,0.19451721012592316,0.1800752431154251,0.21645545959472656,6
726,0.20966514945030212,0.1931406557559967,0.16515211760997772,0.21014142036437988,0.22190067172050476,1
727,0.19082292914390564,0.2021818906068802,0.2123899906873703,0.21739822626113892,0.17720699310302734,9
728,0.19571490585803986,0.18316690623760223,0.20487265288829803,0.2062058448791504,0.21003969013690948,3
729,0.22387579083442688,0.1834152787923813,0.2113165706396103,0.180709570646286,0.20068275928497314,12
730,0.23241426050662994,0.19383661448955536,0.1708696484565735,0.20817075669765472,0.19470882415771484,1
731,0.18238216638565063,0.19195997714996338,0.24429990351200104,0.1975814402103424,0.18377655744552612,3
732,0.22906041145324707,0.22229500114917755,0.1819891482591629,0.18823012709617615,0.1784253716468811,1
733,0.18506284058094025,0.19248101115226746,0.24806806445121765,0.19714179635047913,0.1772463619709015,3
734,0.20507660508155823,0.1769990175962448,0.1785256713628769,0.2100619077682495,0.22933684289455414,12
735,0.182998925447464,0.2314510941505432,0.16734528541564941,0.21294014155864716,0.20526447892189026,9
736,0.18373209238052368,0.17669925093650818,0.20652130246162415,0.21338875591754913,0.21965859830379486,6
737,0.2050134390592575,0.18862541019916534,0.21438296139240265,0.21380901336669922,0.17816919088363647,9
738,0.17866414785385132,0.19317308068275452,0.21663111448287964,0.24398380517959595,0.16754785180091858,9
739,0.20750875771045685,0.2016240358352661,0.18521586060523987,0.1830466091632843,0.22260470688343048,3
740,0.18076232075691223,0.23740339279174805,0.22842732071876526,0.1741943657398224,0.1792125701904297,3
741,0.204208642244339,0.2072763442993164,0.19094997644424438,0.19155414402484894,0.20601095259189606,6
742,0.20859554409980774,0.23121625185012817,0.18451644480228424,0.15167048573493958,0.22400128841400146,3
743,0.16938750445842743,0.21976016461849213,0.23090563714504242,0.18610769510269165,0.19383898377418518,3
744,0.1880788803100586,0.19283318519592285,0.16135917603969574,0.23195859789848328,0.22577019035816193,3
745,0.2090679407119751,0.2181197851896286,0.18516488373279572,0.1618436723947525,0.2258036881685257,3
746,0.22605058550834656,0.19809484481811523,0.17182855308055878,0.2080848664045334,0.19594117999076843,3
747,0.2047927975654602,0.2035338431596756,0.22114869952201843,0.18997064232826233,0.18055398762226105,12
748,0.2520127594470978,0.19871662557125092,0.17019347846508026,0.2083292305469513,0.17074789106845856,3
749,0.17755606770515442,0.20752647519111633,0.2008056938648224,0.20849454402923584,0.20561717450618744,1
750,0.23356080055236816,0.19457845389842987,0.19600962102413177,0.1900138258934021,0.1858372688293457,3
751,0.1806742548942566,0.2060522735118866,0.19155368208885193,0.20525865256786346,0.21646110713481903,12
752,0.20547428727149963,0.19877752661705017,0.2005401998758316,0.22384946048259735,0.17135843634605408,3
753,0.19488313794136047,0.20640647411346436,0.18668080866336823,0.19592253863811493,0.21610698103904724,1
754,0.20408931374549866,0.21156278252601624,0.19977326691150665,0.17729225754737854,0.20728246867656708,1
755,0.20810940861701965,0.19006863236427307,0.17419695854187012,0.22564096748828888,0.20198404788970947,3
756,0.1976841688156128,0.1847151219844818,0.2263779491186142,0.19671063125133514,0.19451214373111725,1
757,0.211724191904068,0.2060241848230362,0.18610210716724396,0.2015019804239273,0.19464755058288574,3
758,0.20652703940868378,0.21976234018802643,0.17162339389324188,0.16729620099067688,0.23479099571704865,12
759,0.16891604661941528,0.19199635088443756,0.18675744533538818,0.21717287600040436,0.235157310962677,6
760,0.17901788651943207,0.18244227766990662,0.20368966460227966,0.2319965660572052,0.20285357534885406,1
761,0.2117207646369934,0.19703730940818787,0.21518123149871826,0.17905424535274506,0.1970064640045166,3
762,0.18504983186721802,0.16074785590171814,0.21746377646923065,0.24326036870479584,0.19347813725471497,12
763,0.1869063675403595,0.18793481588363647,0.23122061789035797,0.1966860592365265,0.19725219905376434,12
764,0.23746530711650848,0.2003638595342636,0.16787149012088776,0.18606053292751312,0.20823881030082703,3
765,0.1912301778793335,0.204636812210083,0.2060822993516922,0.19487176835536957,0.20317888259887695,9
766,0.17568707466125488,0.19369851052761078,0.2179325670003891,0.209878072142601,0.20280376076698303,1
767,0.193565234541893,0.2140485644340515,0.20886355638504028,0.18549561500549316,0.19802702963352203,1
